name,count
Helen,1023527
Emily,890970
Alice,584578
Annie,358540
Ellen,275048
Anita,214999
Sally,205026
Elsie,187819
Naomi,186852
Cathy,170291
Haley,159187
Paige,145848
Layla,123729
Patsy,119425
Leona,112600
Elena,103149
Penny,100247
Angel,99715
Ellie,99466
Misty,84619
Janie,75428
Elise,73809
Alana,66156
Angie,65264
Lynne,61952
Celia,56289
Leila,54226
Lacey,53399
Allie,52709
Janis,48830
Elisa,46979
Jayla,45852
Alina,43173
Laila,42713
Ollie,41560
Hanna,41418
Leigh,40212
Alisa,34578
Talia,32967
Logan,31059
Malia,30729
Shana,29608
Tiana,29351
Tania,28796
Imani,27296
Aisha,26021
Leann,24322
Aspen,23536
Lilah,22916
Noemi,22666
Tonia,22186
Elyse,20959
Liana,19856
Anahi,18730
Amina,18292
Aniya,17850
Ilene,17822
Alyce,17500
Alani,16949
Aylin,15984
Lelia,15627
Alena,15613
Alaia,15356
Chaya,15170
Lesly,15131
Miley,14797
Aline,14624
Lilia,13995
Jolie,13855
Laney,13599
Chana,13503
Nylah,13141
Amani,13018
Janel,12015
Ashly,12000
Saige,11476
Pansy,10953
Cayla,10821
Aliya,10743
Lacie,10712
Siena,10590
Alaya,10249
Giana,10142
Leyla,10077
Tisha,9533
Milan,9193
Anais,8911
Elana,8809
Alene,8743
Amiya,8557
Misti,8324
Lylah,8037
Shyla,7946
Nelly,7619
Alyse,7617
Iesha,7452
Halie,7403
Alysa,7041
Ellis,6913
Eleni,6579
Nanci,6474
Leone,6175
Emani,6167
Mylah,6056
Elina,5836
Isela,5824
Lesli,5786
Chyna,5777
Nelle,5761
Ashli,5718
Aliah,5635
Ilana,5604
Leena,5573
Jenni,5535
Layne,5522
Lanie,5519
Anisa,5496
Tayla,5432
Melia,5251
Iyana,5225
Leisa,4969
Leana,4894
Jalyn,4818
Amiah,4681
Naima,4661
China,4600
Shani,4518
Calli,4491
Honey,4431
Cielo,4421
Lilla,4414
Ailyn,4321
Nella,4314
Maiya,4289
Lenna,4257
Misha,4206
Sanai,4076
Nyomi,3922
Laine,3904
Liane,3870
Maisy,3841
Ellyn,3829
Aspyn,3649
Maile,3647
Shane,3583
Alise,3583
Miyah,3509
Loyce,3503
Laina,3494
Nayla,3353
Lonna,3351
Ilona,3293
Amyah,3253
Aniah,3225
Lesia,3180
Nahla,3176
Alona,3154
Minna,3122
Naila,3117
Layna,3116
Inaya,3102
Haily,3096
Aysha,3077
Janai,3057
Enola,3040
Jania,2999
Hilma,2999
Signe,2995
Nisha,2979
Niyah,2949
Aleia,2942
Talya,2934
Lanae,2918
Annis,2914
Mayah,2910
Tonie,2908
Layan,2896
Latia,2870
Emoni,2826
Alyna,2802
Milah,2757
Taina,2737
Genie,2731
Aleen,2676
Anyla,2663
Penni,2605
Jaila,2597
Ciana,2560
Cathi,2536
Alita,2527
Caley,2473
Johna,2456
Ashia,2431
Asiya,2431
Tilly,2395
Ethyl,2395
Lisha,2382
Shena,2356
Gisel,2266
Anali,2221
Sinai,2209
Helga,2208
Jaina,2206
Nicol,2203
Neely,2202
Thais,2199
Analy,2186
Shaye,2179
Elani,2163
Liyah,2160
Aylah,2159
Ileen,2152
Aysia,2150
Inell,2147
Glenn,2136
Amity,2126
Leyna,2120
Italy,2113
Milla,2096
Lanna,2096
Tehya,2051
Hanah,2047
Lamya,2032
Aleya,2023
Hanan,2022
Annah,1925
Mylie,1923
Liesl,1916
Cloey,1913
Allyn,1908
Emili,1888
Sania,1884
Allen,1866
Najah,1850
Hayli,1837
Neomi,1832
Jayci,1827
Joely,1807
Nilsa,1804
Cally,1773
Anela,1735
Asiah,1718
Jalen,1711
Lynna,1711
Ellia,1699
Lonie,1677
Genia,1673
Alane,1664
Anyah,1640
Jalia,1600
Naiya,1595
Mayla,1585
Niamh,1574
Nelia,1566
Calie,1537
Hayle,1526
Elysa,1509
Lilie,1461
Sneha,1434
Alyah,1419
Amoni,1413
Leiah,1404
Manal,1401
Atiya,1394
Nilah,1380
Anahy,1378
Lamia,1378
Neila,1370
Nonie,1363
Halli,1354
Olene,1347
Jaymi,1342
Tiona,1341
Tayah,1333
Neela,1326
Layah,1306
Henna,1288
Jiana,1287
Minta,1283
Lynae,1282
Ahana,1278
Alica,1271
Chany,1265
Caila,1262
Manha,1249
Jonie,1238
Anise,1233
Leyah,1233
Nelma,1229
Niomi,1224
Aylen,1224
Siana,1220
Nijah,1219
Megha,1179
Lecia,1169
Timia,1164
Aicha,1164
Onita,1162
Caeli,1161
Angle,1149
Jaimi,1147
Ailin,1138
Cloie,1135
Siani,1125
Elona,1125
Ayala,1124
Theia,1119
Isley,1117
Alean,1098
Anica,1097
Ianna,1096
Nitya,1092
Amila,1092
Calia,1090
Helyn,1084
Shila,1080
Onnie,1079
Glena,1078
Alley,1070
Maiah,1053
Halia,1027
Liset,1021
Neola,1014
Selin,1004
Shaya,1004
Anice,1001
Tanis,994
Henny,990
Sachi,983
Tenia,981
Nalah,970
Ilean,965
Talyn,953
Lania,951
Ailey,944
Lilee,940
Conni,917
Amyia,909
Noami,899
Gaile,898
Olena,898
Hania,891
Anyia,887
Myiah,884
Linna,876
Lanee,875
Hayes,873
Lyana,873
Liani,872
Lanya,871
Yisel,865
Alyne,859
Olean,853
Tysha,853
Ailee,849
Haile,847
Ginna,845
Haili,834
Shyan,826
Atley,825
Malin,824
Aayla,817
Sayla,815
Halen,807
Elane,806
Nalia,804
Eliya,799
Lenae,791
Hayat,790
Jenai,789
Nanie,778
Imaan,778
Minha,776
Alany,769
Layal,768
Leina,766
Jaiya,760
Natia,753
Jonah,752
Anaia,751
Aiyla,750
Ethan,748
Siham,746
Emina,741
Selia,739
Tiani,738
Aloni,738
Yeimi,736
Licia,735
Naina,730
Calyn,727
Leita,720
Annia,718
Maila,716
Gioia,714
Heily,713
Chani,707
Mysti,706
Ligia,702
Ciani,702
Hally,702
Telia,701
Taiya,692
Aashi,691
Ilena,686
Aalia,686
Noely,683
Salli,679
Necia,675
Lenny,675
Payal,674
Helon,666
Thanh,650
Altie,650
Miana,649
Sheli,647
Ilani,645
Ashna,645
Najla,640
Tylah,637
Neita,635
Anina,634
Noell,634
Iylah,631
Jayah,630
Nyjah,624
Amyla,621
Ahmya,613
Asley,611
Aysel,611
Nayah,610
Joani,609
Jihan,605
Ailen,599
Meila,596
Tylia,593
Neala,587
Gatha,584
Ellin,579
Tynia,576
Lanay,574
Lanea,573
Mayli,573
Anila,571
Senia,570
Lilya,570
Mysha,566
Toyia,565
Nolia,564
Gaila,564
Imoni,563
Niyla,563
Galen,560
Galia,555
Eliot,554
Asani,552
Sapna,551
Elita,551
Maily,550
Tally,549
Aimie,548
Annel,545
Jayli,543
Islah,541
Lanai,540
Ailsa,538
Nolan,536
Talon,535
Noeli,532
Elgie,529
Manie,529
Leeya,524
Meyah,523
Leane,520
Alyia,520
Angla,511
Otila,510
Eiley,508
Niema,507
Eniya,506
Layni,504
Emaly,504
Liann,503
Aylee,500
Tylie,499
Laiya,488
Penne,485
Tashi,482
Neyla,480
Lahna,480
Cylie,479
Nasia,479
Loyal,478
Nesha,478
Alima,477
Nelta,477
Jenah,476
Iyona,473
Jalin,471
Hayla,462
Ohana,461
Maahi,460
Mansi,459
Lanah,458
Emlyn,457
Eliah,454
Cayli,453
Ayani,453
Maeli,447
Saiya,446
Jahna,446
Colin,445
Iniya,444
Ashya,443
Nasha,443
Alynn,439
Chyla,433
Caiya,433
Elaya,428
Liisa,427
Shina,426
Jolin,425
Mylan,424
Jeani,422
Synia,420
Shian,419
Lylia,419
Iasia,417
Lynsi,415
Elsia,414
Monie,413
Lonni,412
Ilhan,412
Aslyn,412
Signa,411
Naija,411
Anjel,403
Jenia,400
Sanah,400
Jaley,400
Anely,398
Meili,394
Liesa,392
Allia,390
Lynea,388
Tinia,387
Ilyse,385
Nahia,383
Timya,383
Mylia,382
Malie,381
Jaimy,381
Letia,379
Emiya,378
Ellan,378
Oline,377
Alton,376
Ailie,376
Eline,376
Maely,375
Halei,375
Amely,374
Joley,373
Satin,373
Hanaa,371
Sheng,370
Saina,369
Halyn,368
Jisel,367
Talin,367
Lempi,367
Monia,366
Helmi,365
Elynn,365
Ailah,365
Elley,361
Laini,361
Maili,361
Algie,361
Lilas,361
Nelli,360
Lilit,359
Aijah,358
Nysha,356
Anala,355
Islay,354
Alcie,353
Teyah,352
Cohen,352
Ciena,352
Miaya,348
Jehan,347
Janah,346
Lance,345
Miles,344
Tangi,340
Coley,340
Lalia,339
Loann,338
Lilac,335
Lasya,334
Laiah,334
Melis,331
Anija,330
Lemon,329
Jonel,328
Tiney,327
Antha,327
Leiya,327
Eleny,326
Nyala,324
Nyeli,321
Jiyah,321
Ennis,320
Anani,319
Teyla,319
Synai,319
Niang,319
Anmol,318
Tinna,317
Teila,310
Liela,308
Myles,307
Pacey,306
Olina,306
Jalie,305
Eisha,304
Mylea,304
Aelin,304
Amily,304
Lynee,301
Nylia,299
Niani,296
Nealy,296
Elany,296
Ciela,295
Lenni,295
Linsy,294
Megin,293
Milia,292
Nolie,292
Ninel,290
Ceili,288
Nyela,287
Tymia,287
Ionia,287
Ileah,286
Lyann,286
Niana,285
Jaeli,284
Liany,284
Taila,282
Minah,281
Loney,280
Malya,276
Jhane,275
Nyima,274
Yanni,271
Nylee,269
Najia,268
Nelsy,268
Thena,268
Imane,268
Aneli,267
Jesly,267
Leoni,266
Jaine,265
Ionna,264
Nolah,264
Lajoy,264
Ymani,264
Jeily,264
Jeyla,264
Litha,261
Lilja,261
Ileta,261
Hasna,260
Elain,260
Onica,259
Nyiah,258
Aylla,256
Sagal,255
Eilyn,255
Ilham,255
Aneth,254
Jamil,254
Eilis,254
Iisha,254
Leani,254
Heena,253
Allan,253
Amali,253
Tylin,252
Shine,252
Ajani,252
Epsie,251
Elaia,251
Aliha,251
Mylei,251
Natha,250
Eylin,250
Lonia,250
Giani,249
Nishi,247
Asyah,247
Johni,244
Noela,244
Sanii,244
Anola,244
Hagen,243
Jinan,238
Yaeli,237
Atina,236
Alyla,235
Jniya,235
Jenin,234
Siyah,234
Laisa,232
Lylla,232
Joeli,232
Ameli,232
Jayln,232
Paije,232
Allis,231
Elias,231
Haeli,231
Ahnna,229
Aelyn,228
Ailis,228
Gilma,228
Calen,226
Haely,226
Chong,226
Nihal,226
Nicie,226
Netha,224
Yesli,224
Calin,224
Aiyah,224
Haylo,223
Emiah,222
Aiana,221
Naiah,220
Simya,218
Ninah,217
Elsye,215
Shann,214
Niaya,214
Ellon,213
Eilah,213
Cynia,213
Yasha,212
Gitel,211
Yoali,210
Shiya,206
Liona,206
Allye,206
Chisa,206
Eleia,205
Aleni,205
Mitsy,204
Lincy,203
Yanci,203
Iyani,202
Ahlia,202
Anael,202
Tylea,202
Lenea,202
Elton,200
Malan,200
Minal,200
Yanel,199
Inita,199
Ginni,199
Lenay,197
Nehal,197
Itsel,197
Malai,196
Elyna,196
Miani,195
Magie,194
Helia,194
Aiman,193
Meily,192
Lisia,191
Aslin,190
Iline,190
Ilina,190
Itali,189
Layce,189
Cleon,189
Lainy,189
Nihan,188
Imaya,188
Monti,187
Maley,187
Ysela,186
Lenah,184
Nijae,184
Monai,184
Caily,183
Eloni,183
Niaja,183
Mylin,182
Meiah,181
Smith,181
Jaiah,180
Tylan,180
Antia,179
Lenya,177
Hanne,177
Jaely,176
Senai,176
Ilisa,175
Hanny,174
Ophia,174
Jayni,173
Taimi,172
Annai,172
Leily,171
Tayia,170
Nohea,170
Niala,170
Isaly,169
Glema,169
Malyn,169
Shyne,168
Logen,168
Nansi,167
Symia,167
Mally,167
Anshi,166
Icela,166
Saint,165
Salia,165
Linea,165
Emyah,165
Jahni,164
Jinna,164
Miela,164
Aisla,164
Hagan,163
Najai,163
Ahnya,161
Aleli,161
Selen,160
Imona,158
Ahmia,157
Astin,157
Emila,157
Nejla,156
Milta,156
Lynia,154
Liyla,154
Hamna,153
Yamel,153
Nimsi,152
Chena,150
Henya,150
Minsa,148
Palin,148
Jonai,147
Nimah,147
Lamis,147
Milea,147
Lenia,147
Ishia,147
Inola,145
Lylee,145
Inice,144
Liese,144
Tinya,143
Leyli,142
Olita,142
Galit,141
Aelia,141
Talli,139
Tanai,139
Alsie,139
Legna,138
Jamin,138
Liyat,138
Leyan,137
Ilynn,137
Espyn,137
Latoy,136
Pasty,136
Shyah,136
Johan,135
Noele,135
Enisa,135
Yanis,134
Jolan,134
Nasly,134
Cayle,133
Espen,133
Amnah,132
Alila,132
Lille,130
Joyel,130
Ineta,130
Oneal,130
Hanae,130
Nalea,129
Aliea,129
Yanin,129
Neleh,128
Chane,128
Olani,128
Islam,128
Chyan,128
Shley,127
Minie,126
Elsey,126
Liala,126
Loany,125
Cenia,125
Shiah,124
Toiya,123
Tilia,122
Nalla,122
Maneh,122
Myani,121
Iasha,120
Laena,120
Janei,120
Nasim,119
Lacye,119
Jolly,119
Aahna,119
Shyna,118
Malay,117
Enyla,117
Neyah,117
Leili,117
Stina,117
Hailo,116
Haila,114
Ashey,113
Mahli,113
Agape,112
Tayli,112
Jiayi,112
Nicha,111
Milyn,111
Hanin,111
Shima,111
Leith,110
Yesha,109
Aaila,109
Yania,109
Layci,108
Palyn,107
Jhana,107
Hanya,106
Peony,105
Nylan,105
Mahia,105
Ainoa,104
Tniya,104
Anayi,104
Hopie,104
Hanni,103
Elian,103
Eiman,103
Saila,102
Jlani,102
Joyia,102
Neima,101
Moani,101
Colie,101
Sinia,100
Ayomi,100
Ticia,100
Naela,99
Yanai,99
Malon,99
Emali,98
Jahne,98
Jalei,97
Heyli,97
Nylaa,96
Jonia,95
Amaly,95
Olana,95
Nioma,95
Meyli,94
Haani,94
Alisi,94
Yilin,94
Shali,93
Jeyli,93
Linah,93
Seyla,93
Nicey,93
Henli,93
Shaia,93
Insha,92
Shene,92
Litsy,92
Jimia,92
Iysha,92
Layli,91
Malli,91
Aslan,90
Saily,90
Lisel,89
Tiyah,89
Ailea,88
Laysa,88
Latoi,88
Jayel,87
Janin,87
Jayle,87
Aspin,87
Negin,87
Nicle,87
Ioana,86
Tilla,86
Yicel,86
Loana,86
Nigel,85
Ailia,85
Shany,85
Nahal,85
Ilany,85
Ghina,85
Elahi,84
Sylah,84
Toini,84
Mahya,84
Ophie,84
Jnyah,84
Ayjah,83
Tinie,83
Leean,83
Aisia,83
Telly,82
Aayah,81
Caili,81
Ashmi,81
Nhyla,81
Alesi,81
Hilja,81
Cynai,81
Nelya,80
Alyha,80
Cylah,80
Necha,80
Omani,80
Omnia,80
Asyia,79
Miyla,79
Jiali,79
Ginia,79
Mayia,79
Leisl,79
Cyani,78
Taige,78
Calii,78
Ashni,78
Linsi,77
Ngina,77
Yamil,77
Yenni,77
Niley,76
Nilam,76
Nalee,76
Tiena,75
Aponi,75
Pegah,75
Thiya,75
Jaily,74
Jalon,74
Yilia,74
Linet,74
Yeila,74
Seila,74
Nylea,73
Llana,72
Lysha,72
Leany,71
Lycia,71
Tiane,71
Ghita,71
Neily,71
Iceis,71
Hasti,71
Nysia,70
Liley,70
Enyah,70
Jimya,70
Jalan,70
Ghala,70
Oniya,69
Nyjai,69
Magin,69
Laily,69
Senie,69
Nomie,69
Nyani,69
Hisae,69
Yashi,69
Layia,69
Janal,69
Coila,68
Thana,68
Jisha,68
Tiann,67
Calei,67
Melly,67
Aalya,67
Lanny,67
Niela,67
Light,67
Ajiah,67
Yanil,66
Seini,66
Caiah,66
Lonya,65
Joaly,65
Aishi,65
Miona,65
Anaih,64
Jaiel,64
Lynel,64
Silje,64
Namia,64
Nesly,64
Aania,63
Phila,63
Shyia,63
Elica,62
Lemya,62
Onell,62
Aleny,62
Amiel,62
Nyhla,62
Eylah,61
Ninna,61
Meiya,61
Genni,61
Hilal,61
Hilah,61
Yaisa,60
Nolee,60
Chaia,60
Talei,60
Eslie,60
Tinea,60
Nyila,59
Seina,59
Nicia,59
Giona,59
Jasly,59
Lanis,58
Nahja,58
Hayaa,58
Lylie,58
Jeila,58
Silah,57
Olaya,57
Nylie,57
Sanyi,57
Lesie,57
Nechy,56
Helin,56
Lilan,56
Caely,56
Alyaa,56
Patsi,56
Jiani,56
Ayela,55
Elean,55
Lenis,55
Emyli,55
Eslyn,55
Sinay,55
Celin,55
Tahia,55
Tochi,55
Pelin,54
Anele,54
Clint,54
Ngela,53
Alohi,53
Ahley,53
Tahya,53
Hylia,52
Ismay,52
Paytn,52
Esley,52
Siann,52
Loice,52
Eleya,52
Minji,51
Siany,51
Talan,51
Nisaa,51
Hoang,51
Yentl,51
Lacia,50
Chaye,50
Pagan,50
Patia,50
Haiti,50
Notie,49
Ilise,49
Alija,49
Iylee,49
Janni,49
Yihan,48
Cilia,48
Jolei,48
Jolia,48
Sheny,47
Aicia,47
Neisa,47
Lital,47
Aylie,47
Anell,47
Algia,46
Mayle,46
Iliya,46
Hayah,45
Ilian,45
Tahni,45
Aliaa,45
Yeili,45
Tyani,45
Isana,45
Islee,44
Naola,44
Oleen,44
Paget,44
Imana,44
Talen,44
Heyam,44
Lyani,44
Omina,43
Hylee,43
Nijha,43
Elgin,43
Laima,43
Nahya,42
Henly,42
Santi,42
Niome,42
Pelia,42
Jimin,42
Yejin,42
Linae,42
Hiley,42
Aimen,41
Mijah,41
Janil,41
Caity,41
Shmya,41
Emyla,40
Naely,40
Yahna,40
Saiah,40
Ihsan,40
Yensi,40
Cniya,39
Ellys,39
Maali,39
Nijia,39
Iyali,39
Illya,39
Lasey,39
Enith,39
Nelsa,39
Healy,38
Jahan,38
Yolet,38
Jaili,38
Tiina,38
Ethna,38
Cheng,38
Mlynn,37
Milie,37
Nelie,37
Joiya,37
Cilla,37
Yenia,37
Chely,37
Ahlai,37
Ilima,37
Chona,37
Anjie,36
Ciona,36
Litia,36
Lomie,36
Piney,36
Ashai,36
Eniah,35
Nayha,35
Leiny,35
Nijay,35
Neile,35
Aylia,34
Laili,34
Clyta,34
Taiah,34
Ilaya,34
Sajni,34
Shiny,33
Amneh,33
Yoeli,33
Leaya,33
Eilen,33
Najha,33
Ishya,32
Anaie,32
Pnina,32
Sahni,32
Jincy,32
Tenli,32
Milei,32
Shely,31
Nayia,31
Jayia,31
Sinae,31
Tahli,31
Emyia,31
Jlisa,31
Sigal,31
Engie,31
Anias,31
Olgie,30
Mille,30
Jaini,30
Ismah,30
Jalya,30
Ansha,30
Gaela,30
Nihla,30
Ching,30
Teina,30
Thien,29
Linne,29
Mylaa,29
Necol,29
Lyola,29
Aeyla,29
Tincy,29
Alyea,29
Panya,29
Thang,29
Eisla,29
Nitsa,29
Neneh,29
Jniah,29
Lency,29
Cloye,28
Pacie,28
Nalin,28
Nyjia,28
Tiela,28
Tyina,28
Naeli,28
Leica,28
Ahnia,28
Nytia,28
Nonia,28
Lanel,28
Pamie,28
Imala,28
Tenly,27
Jalai,27
Llona,27
Jnyla,27
Leacy,27
Ashay,27
Iliah,27
Aisel,27
Coyla,27
Ninti,27
Jaici,26
Lemia,26
Cisne,26
Ishea,26
Yonah,26
Jhani,26
Nilla,26
Shain,26
Jahya,25
Syani,25
Enyia,25
Canei,25
Nelah,25
Tylei,25
Milen,25
Silpa,24
Teani,24
Holyn,24
Joyah,24
Elyon,24
Genel,24
Lyiah,24
Nimsy,24
Amine,23
Neeli,23
Leiha,23
Chiya,23
Cylia,23
Siane,23
Ayami,23
Alcia,23
Yachi,23
Elgia,23
Loena,23
Sylia,23
Tanah,23
Lilea,22
Mehan,22
Jahia,22
Ylana,22
Tonii,22
Ihana,22
Janii,22
Ayoni,22
Anami,22
Ellye,22
Angia,22
Nylla,22
Lenyn,21
Lisle,21
Latya,21
Gella,21
Litsa,21
Lahni,21
Golie,21
Niyat,21
Niesa,21
Anyha,21
Jynia,21
Yahel,21
Imena,21
Sinea,21
Lanet,21
Alhia,21
Migna,21
Sayah,21
Tylen,20
Nelsi,20
Calan,20
Yaila,20
Nyell,20
Saani,20
Aliia,20
Tisya,20
Teyha,20
Jeisy,20
Nayli,20
Yenis,20
Seely,19
Lynli,19
Joyal,19
Aylaa,19
Pagie,19
Jigna,19
Ninja,19
Gicel,19
Yamia,19
Icole,19
Naily,19
Iyoni,19
Jinal,19
Nello,18
Mania,18
Sniya,18
Ilysa,18
Saimi,18
Lynet,18
Silia,18
Eylen,18
Hiyam,18
Almon,18
Saniy,18
Nesia,18
Altia,18
Nijai,18
Sayeh,18
Ollia,18
Tysie,18
Mytia,18
Islie,18
Jnyia,17
Janci,17
Latay,17
Layle,17
Oneil,17
Illia,17
Nilay,17
Nieya,17
Tnyah,17
Lylas,17
Miila,17
Jehna,17
Aneah,17
Neina,17
Shami,17
Sinem,17
Iylan,17
Sinya,17
Mijoy,17
Mylla,17
Linen,17
Nenah,17
Paley,17
Yahli,17
Yaima,17
Yalia,17
Locie,16
Eilin,16
Mital,16
Theya,16
Teiya,16
Aneia,16
Shnya,16
Illah,16
Lyela,16
Naami,16
Menah,16
Aliye,16
Talis,16
Lynse,16
Atiye,16
Inese,16
Mahin,16
Asian,16
Ennie,16
Lanni,16
Naisa,16
Choya,16
Helan,16
Heeya,16
Heimy,16
Saile,15
Anlly,15
Jioni,15
Lensa,15
Peshy,15
Elyah,15
Nache,15
Hanen,15
Atyia,15
Nomia,15
Agnia,15
Chali,15
Helly,15
Ataly,15
Enise,15
Tayha,15
Enley,15
Onnah,15
Tione,15
Asiha,15
Sayli,15
Ghena,15
Myoni,15
Teoni,15
Ayshe,15
Cahya,15
Amiia,15
Nisma,15
Jalna,15
Yansi,15
Jelia,15
Tahis,14
Lytia,14
Eltis,14
Misel,13
Nahmi,13
Enija,13
Mynia,13
Imela,13
Sinit,13
Cania,13
Linoy,13
Shlay,12
Tayln,12
Ahsia,12
Ahsen,12
Tilli,12
Pegan,12
Celyn,12
Conie,12
Ealyn,12
Heymi,12
Minya,12
Jelyn,12
Jenal,12
Lehna,12
Ghana,12
Lahia,12
Naica,12
Niama,12
Lenci,12
Leyni,12
Mysia,12
Jaoni,11
Teiah,11
Imina,11
Celis,11
Mijoi,11
Lajoi,11
Silja,11
Siman,11
Sheen,11
Myjah,11
Jmyah,11
Mlasi,11
Nenia,11
Caile,11
Isiah,11
Payne,11
Nelcy,11
Hilla,11
Heisy,11
Agila,11
Anime,11
Anjli,11
Namie,11
Plina,11
Ileia,11
Chiye,11
Melan,11
Telli,11
Tesni,11
Thaya,11
Taiga,11
Niyae,11
Liyan,11
Jiaya,11
Loene,11
Alely,11
Taley,11
Aynia,11
Jaisy,11
Syiah,11
Login,11
Yeshi,11
Jalay,11
Olgia,11
Imany,11
Lolia,11
Nimat,11
Talie,11
Elyan,11
Meina,11
Alien,11
Heang,10
Aisah,10
Eyani,10
Jalis,10
Genai,10
Colyn,10
Nalya,10
Ltoya,10
Anite,10
Leise,10
Jlaya,10
Mylen,10
Taily,10
Gemia,10
Jelsy,10
Silya,10
Jesli,10
Haimi,10
Hanai,10
Inesa,10
Milay,10
Enita,10
Inona,10
Sylee,10
Minne,10
Ehani,10
Linny,10
Eiyla,10
Hasty,10
Amyha,10
Mlisa,10
Lijah,10
Moina,10
Hasya,10
Magel,10
Tioni,10
Hayam,10
Cheli,10
Yolan,10
Joali,10
Ceila,10
Caysi,10
Jolen,10
Nilyn,10
Lanta,10
Ishah,10
Onyah,10
Atlys,10
Nylin,10
Lacei,10
Nylai,10
Joicy,10
Netia,10
Lasia,10
Ansel,10
Nolen,10
Ansal,10
Aylet,9
Maine,9
Theon,9
Eliel,9
Yanah,9
Aigne,9
Eysha,8
Sitha,8
Isani,8
Toyah,8
Leisy,8
Ensly,8
Aliee,7
Cenai,7
Ayeli,7
Miyae,7
Honie,7
Espie,7
Sheni,7
Mlani,7
Mitsi,7
Nihya,7
Lehia,7
Annil,7
Getha,7
Siyan,7
Alyca,7
Yoani,7
Aglae,7
Olice,7
Iyone,7
Nelin,7
Leysi,7
Lalie,6
Janyl,6
Itani,6
Ilyne,6
Siene,6
Janyi,6
Iiana,6
Nasli,6
Ishna,6
Asina,6
Enely,6
Masil,6
Asiye,6
Liola,6
Jilla,6
Asiel,6
Meiyi,6
Ailet,6
Icsel,6
Hahna,6
Nieta,6
Miaha,6
Nicoe,6
Talim,6
Mitia,6
Milya,6
Ayati,6
Jeiny,6
Eelyn,6
Tanha,6
Litsi,6
Tyomi,6
Minea,6
Imiya,6
Seine,6
Neepa,6
Neiya,6
Seily,6
Tanni,6
Tynli,6
Neeah,6
Alain,6
Nalai,6
Gania,6
Eilla,6
Ahnah,6
Tomii,6
Lynni,6
Ciane,6
Hasly,6
Jleia,6
Litcy,6
Tolly,6
Islyn,6
Geles,6
Einin,6
Leomi,6
Cinya,6
Shean,6
Aelan,6
Agela,6
Nalei,6
Linie,5
Ailla,5
Linly,5
Tiala,5
Jylah,5
Aaina,5
Lisah,5
Thays,5
Jyiah,5
Aalin,5
Aiona,5
Aishe,5
Ilyah,5
Gesel,5
Yitel,5
Linay,5
Ylani,5
Thali,5
Jihae,5
Yahne,5
Yiana,5
Hitha,5
Yasin,5
Iayla,5
Achan,5
Ianah,5
Hylie,5
Tshai,5
Lenin,5
Lanye,5
Latai,5
Lenai,5
Heili,5
Jinni,5
Hinal,5
Lelie,5
Aheli,5
Yalit,5
Tynie,5
Leagh,5
Tyshe,5
Hilia,5
Yaili,5
Leini,5
Icely,5
Imyah,5
Gilah,5
Yesel,5
Yesmi,5
Tiany,5
Tiaya,5
Laici,5
Ticha,5
Inala,5
Gilia,5
Ginae,5
Haana,5
Haein,5
Aijha,5
Leyat,5
Ilcia,5
Jilma,5
Liena,5
Ijana,5
Halcy,5
Halye,5
Jinah,5
Yenci,5
Ahona,5
Hanay,5
Nyele,5
Jensi,5
Gelia,5
Nayel,5
Ncole,5
Neale,5
Chise,5
Phong,5
Chian,5
Neiah,5
Neili,5
Patyn,5
Ansli,5
Chang,5
Isely,5
Jamii,5
Chais,5
Nemah,5
Paili,5
Sahai,5
Ionie,5
Aisya,5
Ciley,5
Nahje,5
Naimo,5
Ciyah,5
Angil,5
Nally,5
Aniha,5
Aniye,5
Salym,5
Nalyn,5
Namal,5
Salay,5
Anley,5
Anlin,5
Iolia,5
Nasai,5
Johne,5
Aphia,5
Celsi,5
Pagen,5
Aymie,5
Niyel,5
Aslhy,5
Niyia,5
Noaah,5
Nylen,5
Nylei,5
Janic,5
Ayele,5
Nylae,5
Nonah,5
Atoli,5
Atali,5
Nycia,5
Athie,5
Olaia,5
Niola,5
Ninia,5
Niche,5
Nghia,5
Nhala,5
Nhien,5
Niaje,5
Onice,5
Calis,5
Nichy,5
Asila,5
Nieja,5
Omiya,5
Olyne,5
Ollye,5
Ishta,5
Nincy,5
Naemi,5
Cynii,5
Selyn,5
Sitey,5
Maiia,5
Esila,5
Tahna,5
Eolia,5
Maina,5
Sytha,5
Sypha,5
Maiti,5
Malei,5
Malen,5
Syian,5
Mayha,5
Smiya,5
Siyam,5
Alish,5
Maiha,5
Maian,5
Itiya,5
Lyane,5
Gelen,5
Gasia,5
Inali,5
Ajiya,5
Tansi,5
Alaye,5
Gaeli,5
Mahie,5
Ethny,5
Jhiya,5
Lynis,5
Jainy,5
Ethil,5
Jhena,5
Siyaa,5
Atlie,5
Egina,5
Jenis,5
Elinn,5
Elien,5
Shnea,5
Minga,5
Shing,5
Elaan,5
Amino,5
Jalil,5
Sheil,5
Moiya,5
Monah,5
Eimly,5
Myanh,5
Seyli,5
Sepia,5
Shyma,5
Ellay,5
Ellya,5
Silla,5
Elyne,5
Sinan,5
Melna,5
Simin,5
Simia,5
Menal,5
Innie,5
Miina,5
Meyla,5
Mhina,5
Allya,5
Miala,5
Innis,5
Mieya,5
Namii,5
